"id","parent_id","code","name","address","suburb","postcode","state","country","phone","fax","category","category_code","region","region_code","active","created_at","updated_at"
1,1,"1586","Col Crawford Nissan","497 Pittwater Road","BROOKVALE","2100","NSW","Australia","(02) 9941 1200","299383691","A","1","E","E06",1,"2022-05-02 05:52:28","2022-05-02 05:52:28"
2,1,"2075","Leo Franco Nissan","Cnr Yambil & Ulong Streets    ","GRIFFITH                                ","2680","NSW","Australia","02   69692800","02 69692860","B","2","E","E03",1,"2022-05-02 05:52:28","2022-06-02 07:10:18"
3,1,"2210","Ross Granata Motors","32 Sydney Road                ","MUDGEE                                  ","2850","NSW","Australia","02   63721766","02 6372 3735","C","2","E","E02",1,"2022-05-02 05:52:28","2022-06-02 07:10:18"
4,1,"2300","Kloster Nissan","Cnr. Tudor And Parry Streets","HAMILTON","2303","NSW","Australia","02   49220595","02 49610543","A","2","E","E03",1,"2022-05-02 05:52:28","2022-05-02 05:52:28"
5,1,"2402","Frank Spice Auto Repairs","22 Dowling Street             ","FORBES                                  ","2871","NSW","Australia","02   68519400","02 68524089","C","1","E","E02",1,"2022-05-02 05:52:28","2022-06-02 07:10:18"
6,1,"2455","Gaukroger Nissan","26-30 Vivian Street           ","INVERELL                                ","2360","NSW","Australia","02   67222722","02 67221804","C","1","E","E03",1,"2022-05-02 05:52:28","2022-08-22 09:01:17"
7,1,"2509","J T Fossey Sales Pty Ltd","501 Peel Street               ","TAMWORTH                                ","2340","NSW","Australia","02   67661466","02 67668566","C","1","E","E03",1,"2022-05-02 05:52:28","2022-08-22 09:01:17"
8,1,"2550","John Oxley Motors","130 Hastings River Drive      ","PORT MACQUARIE                          ","2444","NSW","Australia","02   65888555","02 65840554","B","2","E","E01",1,"2022-05-02 05:52:28","2022-06-02 07:10:18"
9,1,"2696","National Capital Motors","Josephson Street              ","BELCONNEN                               ","2617","ACT","Australia","02   62563300","02 62511901","B","1","E","E02",1,"2022-05-02 05:52:28","2022-08-22 09:01:17"
10,1,"3030","Werribee Nissan","14-26 Heaths Road","HOPPERS CROSSING                        ","3029","VIC","Australia","03   99745800","03 99745825","A","1","S","S04",1,"2022-05-02 05:52:28","2022-08-22 09:01:17"
11,1,"3125","McRae Nissan","182 Melbourne Road            ","WODONGA                                 ","3690","VIC","Australia","02   60515555","02 60515568","B","1","S","S02",1,"2022-05-02 05:52:28","2022-08-22 09:01:17"
12,1,"3150","Ferntree Gully Nissan","1000 Burwood Highway          ","FERNTREE GULLY                          ","3156","VIC","Australia","03   97584444","03 97585456","A","1","S","S03",1,"2022-05-02 05:52:28","2022-08-22 09:01:17"
13,1,"3376","Northern Nissan","429-439 Grimshaw Street","BUNDOORA                                ","3083","VIC","Australia","03   94665888","03 94677463","A","1","S","S02",1,"2022-05-02 05:52:28","2022-08-22 09:01:17"
14,1,"3432","Blackburn Nissan","138 Whitehorse Road","BLACKBURN","3130","VIC","Australia","03   98942244","03 98942944","A","1","S","S13",1,"2022-05-02 05:52:28","2022-05-02 05:52:28"
15,1,"3483","Edney's Leongatha","1 Roughead Street             ","LEONGATHA                               ","3953","VIC","Australia","03   56622327","03 56622642","C","1","S","S01",1,"2022-05-02 05:52:28","2022-08-22 09:01:17"
16,1,"3806","Berwick Nissan","6-10 Kangan Drive","BERWICK                                 ","3806","VIC","Australia","03   97961777","03 97073550","A","1","S","S03",1,"2022-05-02 05:52:28","2022-08-22 09:01:17"
17,1,"3814","Lieschke Nissan","63 Commercial Street          ","WALLA WALLA                             ","2659","NSW","Australia","02   60292202","02 60292134","C","1","S","S02",1,"2022-05-02 05:52:28","2022-08-22 09:01:17"
18,1,"3936","Michaels Of Donald","15 McCulloch Street","DONALD                                  ","3480","VIC","Australia","03   54971203","03 54971626","C","2","S","S03",1,"2022-05-02 05:52:28","2022-08-22 09:01:17"
19,1,"4119","Rex Gorell Nissan","481a La Trobe Terrace         ","GEELONG                                 ","3220","VIC","Australia","03   52223411","03 52231968","A","1","S","S04",1,"2022-05-02 05:52:28","2022-08-22 09:01:17"
20,1,"4158","North Star Mildura Motors","19-29 Orange Avenue","MILDURA","3500","VIC","Australia","03   50213866","03 50213901","B","2","W","W05",1,"2022-05-02 05:52:28","2022-05-02 05:52:28"
21,1,"5010","Gatton Auto","67 Railway Street             ","GATTON                                  ","4343","QLD","Australia","07   54621633","07 54621980","B","2","N","N01",1,"2022-05-02 05:52:28","2022-06-02 07:10:19"
22,1,"5066","Cleveland Nissan","49-51 Shore Street","CLEVELAND","4163","QLD","Australia","07 32862501","732864193","A","1","N","N04",1,"2022-05-02 05:52:28","2022-05-02 05:52:28"
23,1,"5132","South West Nissan","50-56 Alfred Street           ","CHARLEVILLE                             ","4470","QLD","Australia","07   46541477","07 46541609","C","2","N","N04",1,"2022-05-02 05:52:28","2022-08-22 09:01:17"
24,1,"5280","Chano Trentin's AWD Centre","Cnr Vernon and Louise Streets   ","ATHERTON                                ","4883","QLD","Australia","07   40305400","07 40913061","C","1","N","N04",1,"2022-05-02 05:52:28","2022-06-02 07:10:19"
25,1,"5290","Westco Motors","347-359 Mulgrave Rd           ","CAIRNS                                  ","4870","QLD","Australia","07   40444111","07 40331522","B","1","N","N03",1,"2022-05-02 05:52:28","2022-08-22 09:01:17"
26,1,"5490","Westpoint Nissan","440 Moggill Road              ","INDOOROOPILLY","4068","QLD","Australia","07   38780440","07 32206754","A","1","N","N02",1,"2022-05-02 05:52:28","2022-08-22 09:01:17"
27,1,"5546","Rod Grittner Nissan","7 Mill Street                 ","PROSERPINE                              ","4800","QLD","Australia","07   49451209","07 49453593","B","2","N","N01",1,"2022-05-02 05:52:28","2022-06-02 07:10:19"
28,1,"5560","Crick's Nambour Nissan","952 Nambour Connection Road   ","NAMBOUR                                 ","4560","QLD","Australia","07   54419500","07 54416800","B","2","N","N02",1,"2022-05-02 05:52:28","2022-08-22 09:01:17"
29,1,"5610","Huston Nissan","Rogers Drive","KINGAROY","4610","QLD","Australia","07   41649300","07 41649333","C","1","N","N03",1,"2022-05-02 05:52:28","2022-05-02 05:52:28"
30,1,"5650","Maryborough Nissan","70 Ferry Street","MARYBOROUGH","4650","QLD","Australia","07   41230000","07 41223114","C","2","N","N04",1,"2022-05-02 05:52:28","2022-05-02 05:52:28"
31,1,"5915","Gladstone Nissan","231 Dawson Highway","GLADSTONE                               ","4680","QLD","Australia","07   49707070","07 49722986","B","2","N","N02",1,"2022-05-02 05:52:28","2022-06-02 07:10:19"
32,1,"6221","John Page Motors","110 Morayfield Street         ","CABOOLTURE                              ","4510","QLD","Australia","07 54950555 ","754954121","B","2","N","N01",1,"2022-05-02 05:52:28","2022-05-02 05:52:28"
33,1,"6709","Dalby Nissan","36 Drayton Street             ","DALBY                                   ","4405","QLD","Australia","07   46622422","07 46624311","C","1","N","N01",1,"2022-05-02 05:52:28","2022-06-02 07:10:19"
34,1,"6880","Armstrong Nissan","80-84 Neil Street","TOOWOOMBA CITY","4350","QLD","Australia","07   46385455","07 46392710","B","1","N","N01",1,"2022-05-02 05:52:28","2022-11-14 09:36:01"
35,1,"6998","Moorooka Nissan","917 Ipswich Road              ","MOOROOKA                                ","4105","QLD","Australia","07   38487811","07 38488378","A","1","N","N03",1,"2022-05-02 05:52:28","2022-08-22 09:01:17"
36,1,"7080","Moora Nissan","89 Gardiner Street            ","MOORA                                   ","6510","WA","Australia","08   96511207","08 96511734","C","2","W","W01",1,"2022-05-02 05:52:28","2022-06-02 07:10:19"
37,1,"7108","Total Nissan","1251 Albany Highway           ","CANNINGTON                              ","6107","WA","Australia","08   93514444","08 93505970","A","1","W","W01",1,"2022-05-02 05:52:28","2022-06-02 07:10:19"
38,1,"7345","Avon Valley Nissan","47 Fitzgerald Street","NORTHAM","6401","WA","Australia","08   96211311","08 96228306","C","2","W","W03",1,"2022-05-02 05:52:28","2022-05-02 05:52:28"
39,1,"7617","Magic Nissan","164 Leach Highway","MELVILLE","6156","WA","Australia","08 93306666","893304379","B","1","W","W01",1,"2022-05-02 05:52:28","2022-05-02 05:52:28"
40,1,"7849","Northside Nissan","14 Berriman Drive","WANGARA                                 ","6065","WA","Australia","08   94090000","08 94091759","A","1","W","W01",1,"2022-05-02 05:52:28","2022-08-22 09:01:17"
41,1,"7922","North West Autos","229 Robinson Street","CARNARVON","6701","WA","Australia","08   99411159","08 99411363","C","2","W","W02",1,"2022-05-02 05:52:28","2022-05-02 05:52:28"
42,1,"8200","Hobart Nissan","235 Argyle Street","HOBART","7000","TAS","Australia","03 62133300","03 62343144","B","1","S","S14",1,"2022-05-02 05:52:28","2022-05-02 05:52:28"
43,1,"30243","Lismore Nissan","76-80 Ballina Road","LISMORE                                 ","2480","NSW","Australia","02   66212599","02 66218999","B","1","N","N02",1,"2022-05-02 05:52:28","2022-06-02 07:10:19"
44,1,"30245","Muir Nissan","4-8 Bussell Highway           ","BUSSELTON                               ","6280","WA","Australia","08   97811100","08 97524080","C","2","W","W02",1,"2022-05-02 05:52:28","2022-06-02 07:10:19"
45,1,"30246","Osborne Park Nissan","300 Scarborough Beach Road","OSBORNE PARK                            ","6017","WA","Australia","08   94455666","08 94455600","A","1","W","W02",1,"2022-05-02 05:52:28","2022-06-02 07:10:19"
46,1,"30247","Pilbara Nissan","2 Hamilton Road","SOUTH HEDLAND","6722","WA","Australia","08   9144   6400","08 9174 2699","C","2","W","W02",1,"2022-05-02 05:52:28","2022-06-20 07:15:37"
47,1,"30250","Esperance Autos Nissan","36 Norseman Road","ESPERANCE                               ","6450","WA","Australia","08   90711060","08 90712885","C","2","W","W02",1,"2022-05-02 05:52:28","2022-08-22 09:01:17"
48,1,"30252","Merredin Nissan","1 Mary Street","MERREDIN","6415","WA","Australia","08   90411577","08 90411426","C","2","W","W03",1,"2022-05-02 05:52:28","2022-05-02 05:52:28"
49,1,"30254","von Bibra Gold Coast Nissan","Expo Park  Nerang Road","SOUTHPORT                               ","4215","QLD","Australia","07   55562900","07 55562903","A","1","N","N01",1,"2022-05-02 05:52:28","2022-06-02 07:10:19"
50,1,"30263","Morrow Nissan","33 Dimboola Road              ","HORSHAM                                 ","3400","VIC","Australia","03   53826163","03 53811388","C","2","S","S04",1,"2022-05-02 05:52:28","2022-08-22 09:01:17"
51,1,"30270","North Jacklin Nissan","49 Gordon Street              ","MACKAY                                  ","4740","QLD","Australia","07   49632200","07 49632288","A","2","N","N01",1,"2022-05-02 05:52:28","2022-06-02 07:10:19"
52,1,"30273","Macarthur Nissan","4 Mill Road                   ","CAMPBELLTOWN                            ","2560","NSW","Australia","02   46258344","02 46272667","A","1","E","E03",1,"2022-05-02 05:52:28","2022-06-02 07:10:19"
53,1,"30277","Crick's Noosa Nissan","Lot 4 Lionel Donovan Drive","NOOSAVILLE                              ","4566","QLD","Australia","07   54403600","07 54730363","C","1","N","N02",1,"2022-05-02 05:52:28","2022-08-22 09:01:17"
54,1,"30278","Wickham Flower & Co","35 Macdonnell Street","NARACOORTE","5271","SA","Australia","08   87601900","08 87622363","C","2","W","W03",1,"2022-05-02 05:52:28","2022-05-02 05:52:28"
55,1,"30283","Burdekin Nissan","183 Queen Street              ","AYR                                     ","4807","QLD","Australia","07   47837077","07 47837044","C","2","N","N01",1,"2022-05-02 05:52:28","2022-06-02 07:10:19"
56,1,"30285","The Big Garage","628 Princes Highway           ","BAIRNSDALE                              ","3875","VIC","Australia","03   51524131","03 51525313","C","2","S","S03",1,"2022-05-02 05:52:28","2022-08-22 09:01:17"
57,1,"30289","Rockingham Nissan","83 Dixon Road                 ","ROCKINGHAM                              ","6168","WA","Australia","08   95926666","08 95926688","B","1","W","W02",1,"2022-05-02 05:52:28","2022-06-02 07:10:19"
58,1,"30291","Tony Leahey Nissan","25 Cameron Place","ORANGE","2800","NSW","Australia","02   63937200","02 63937299","C","1","E","E02",1,"2022-05-02 05:52:28","2022-05-02 05:52:28"
59,1,"30301","Albany City Nissan","54 Aberdeen Street            ","ALBANY                                  ","6330","WA","Australia","08   98428111","08 98418623","C","1","W","W02",1,"2022-05-02 05:52:28","2022-08-22 09:01:17"
60,1,"30314","Burwood Nissan","101 Burwood Highway","BURWOOD","3125","VIC","Australia","03   92737222","03 92737277","B","1","S","S13",1,"2022-05-02 05:52:28","2022-05-02 05:52:28"
61,1,"30315","Bay City Nissan","Cnr. Boat Harbour & Nissen St","HERVEY BAY","4655","QLD","Australia","07   4124 0000","07 41245222","C","1","N","N04",1,"2022-05-02 05:52:28","2022-05-02 05:52:28"
62,1,"30317","Bundaberg Nissan","70 Johanna Boulevard","KENSINGTON","4670","QLD","Australia","07   4152 0000","07 47265566","B","2","N","N03",1,"2022-05-02 05:52:28","2022-08-22 09:01:17"
63,1,"30319","Alan Mance Nissan","2-3 Holland Drive             ","MELTON                                  ","3337","VIC","Australia","03   9971 4444","03 99714499","B","1","S","S04",1,"2022-05-02 05:52:28","2022-08-22 09:01:17"
64,1,"30327","Yarra Valley Nissan","460-462 Maroondah Highway","LILYDALE                                ","3140","VIC","Australia","03   97355555","03 97353970","B","1","S","S02",1,"2022-05-02 05:52:28","2022-08-22 09:01:17"
65,1,"30328","Zupps Nissan","167-171 Brisbane Street","BEAUDESERT","4285","QLD","Australia","07   55421220","07 55413276","C","1","N","N03",1,"2022-05-02 05:52:28","2022-05-02 05:52:28"
66,1,"30329","Gunnedah Automotive","363 Conadilly Street","GUNNEDAH                                ","2380","NSW","Australia","02   67422499","02 67422958","C","1","E","E03",1,"2022-05-02 05:52:28","2022-08-22 09:01:17"
67,1,"30332","Action Nissan","Cnr Clematis & Oak Streets","GYMPIE","4570","QLD","Australia","07   54821711","07 54822389","C","2","N","N02",1,"2022-05-02 05:52:28","2022-05-02 05:52:28"
68,1,"30334","Thompson Nissan","340 Midland Highway           ","SHEPPARTON                              ","3630","VIC","Australia","03   58222666","03 58312507","B","2","S","S02",1,"2022-05-02 05:52:28","2022-08-22 09:01:17"
69,1,"30336","Metro Nissan","150 Lutwyche Road","WINDSOR","4030","QLD","Australia","07 38669701","738669781","A","1","N","N02",1,"2022-05-02 05:52:28","2022-05-02 05:52:28"
70,1,"30339","Essendon Nissan","288 Wirraway Road","ESSENDON FIELDS","3041","VIC","Australia","03 93796643 ","393741460","A","1","S","S13",1,"2022-05-02 05:52:28","2022-05-02 05:52:28"
71,1,"30341","Central Coast Nissan","354 Mann Street","GOSFORD","2250","NSW","Australia","02   43200966","02 43378088","B","1","E","E02",1,"2022-05-02 05:52:28","2022-05-02 05:52:28"
72,1,"30344","Sunshine Coast Nissan","1 Industrial Avenue","CALOUNDRA","4551","QLD","Australia","07   5436 7000","07 54367099","B","1","N","N03",1,"2022-05-02 05:52:28","2022-06-02 07:10:19"
73,1,"30349","Wyong Nissan","37 Amsterdam Circuit","WADALBA","2259","NSW","Australia","02   43139422","02 43532116","B","1","E","E02",1,"2022-05-02 05:52:28","2022-06-02 07:10:19"
74,1,"30351","Hardman Nissan","101 Marsh Street              ","ARMIDALE                                ","2350","NSW","Australia","02   67728411","02 67721512","C","2","E","E03",1,"2022-05-02 05:52:28","2022-06-02 07:10:19"
75,1,"30354","Ceduna Nissan","54 Poynton Street","CEDUNA","5690","SA","Australia","08   86252616","08 86253201","C","2","W","W05",1,"2022-05-02 05:52:28","2022-05-02 05:52:28"
76,1,"30355","Great Lakes Nissan","33 - 37 Manning Street        ","TUNCURRY                                ","2428","NSW","Australia","02   65547202","02 65554387","C","1","E","E01",1,"2022-05-02 05:52:28","2022-06-02 07:10:19"
77,1,"30357","Sale City Nissan","36-38 Foster Street","SALE                                    ","3850","VIC","Australia","03   51443944","03 51446289","C","2","S","S02",1,"2022-05-02 05:52:28","2022-08-22 09:01:17"
78,1,"30358","Goondiwindi Nissan","20 Mclean Street","GOONDIWINDI","4390","QLD","Australia","07   46713044","07 46713557","C","2","N","N01",1,"2022-05-02 05:52:28","2022-05-02 05:52:28"
79,1,"30361","Big River Nissan","1454 Old Sturt Highway             ","BERRI                                   ","5343","SA","Australia","08   85825200","08 85825300","C","2","W","W03",1,"2022-05-02 05:52:28","2022-06-02 07:10:19"
80,1,"30362","Bunbury Nissan","Cnr Robertson Dve & Bovell Sts","BUNBURY                                 ","6230","WA","Australia","08   97247700","08 97254301","B","1","W","W02",1,"2022-05-02 05:52:28","2022-06-02 07:10:19"
81,1,"30369","Warragul Nissan","4 - 6 Howitt Street","WARRAGUL","3820","VIC","Australia","03 56236212","03 56234846","C","1","S","S13",1,"2022-05-02 05:52:28","2022-05-02 05:52:28"
82,1,"30370","Mt Isa Nissan","59-65 West Street             ","MOUNT ISA                               ","4825","QLD","Australia","07   47445000","07 47439163","C","2","N","N04",1,"2022-05-02 05:52:28","2022-08-22 09:01:17"
83,1,"30371","Lakeside Nissan","1195-1197 Main North Road     ","POORAKA                                 ","5095","SA","Australia","08   82006000","08 82006022","A","1","W","W03",1,"2022-05-02 05:52:28","2022-08-22 09:01:17"
84,1,"30378","Clarence Coast Nissan","40 Ryan Street                ","GRAFTON                                 ","2460","NSW","Australia","02   66435255","02 66435233","C","2","E","E01",1,"2022-05-02 05:52:28","2022-06-02 07:10:19"
85,1,"30381","Moss Vale Nissan","543 - 551 ARGYLE STREET","MOSS VALE                               ","2577","NSW","Australia","02   48681055","02 48683330","C","1","E","E03",1,"2022-05-02 05:52:28","2022-06-02 07:10:19"
86,1,"30384","DC Motors Nissan","85 Derby Street               ","ROCKHAMPTON                             ","4700","QLD","Australia","07   49991200","07 49226550","B","1","N","N02",1,"2022-05-02 05:52:28","2022-06-02 07:10:19"
87,1,"30390","Arandt Nissan","530 Cadell Street             ","HAY                                     ","2711","NSW","Australia","02   69931503","02 69932212","C","2","S","S03",1,"2022-05-02 05:52:28","2022-08-22 09:01:17"
88,1,"30393","Sutherland Nissan","509 Princes Highway           ","KIRRAWEE                                ","2232","NSW","Australia","02   95457366","02 95424813","A","1","E","E01",1,"2022-05-02 05:52:28","2022-06-02 07:10:19"
89,1,"30394","Lander Nissan","37 Blacktown Road     ","BLACKTOWN                               ","2148","NSW","Australia","02   88844477","02 88844838","A","1","E","E02",1,"2022-05-02 05:52:28","2022-06-02 07:10:19"
90,1,"30395","Augusta Nissan","2 Caroona road","PORT AUGUSTA                            ","5700","SA","Australia","08   86423066","08 86423438","C","2","W","W03",1,"2022-05-02 05:52:29","2022-06-02 07:10:19"
91,1,"30396","Cardiff Nissan","367 Main Road","CARDIFF","2285","NSW","Australia","02   40149950","02 40149951","A","2","E","E03",1,"2022-05-02 05:52:29","2022-05-02 05:52:29"
92,1,"30397","Warrnambool Nissan","53 Princes Highway","WARRNAMBOOL                             ","3280","VIC","Australia","03   55645999","03 5564 5988","C","1","S","S04",1,"2022-05-02 05:52:29","2022-08-22 09:01:17"
93,1,"30398","Keema Nissan","1550 Logan Road               ","MOUNT GRAVATT                           ","4122","QLD","Australia","07   34261555","07 34261550","A","1","N","N01",1,"2022-05-02 05:52:29","2022-08-22 09:01:17"
94,1,"30399","MidWest Nissan","5 Phelps Street","GERALDTON                               ","6530","WA","Australia","08   9938 0500","08 9938 0531","C","1","W","W01",1,"2022-05-02 05:52:29","2022-06-02 07:10:19"
95,1,"30400","Karratha Nissan","8 Corringer Avenue","KARRATHA","6714","WA","Australia","08   91446400","08 91852300","C","1","W","W02",1,"2022-05-02 05:52:29","2022-06-02 07:10:19"
96,1,"30408","Mustica Nissan","Murray Valley Highway         ","COBRAM                                  ","3644","VIC","Australia","03   58721666","03 58721920","C","2","S","S03",1,"2022-05-02 05:52:29","2022-08-22 09:01:17"
97,1,"30411","Liverpool Nissan","411 Hume Highway","LIVERPOOL                               ","2170","NSW","Australia","02   84888641","02 96026546","A","1","E","E01",1,"2022-05-02 05:52:29","2022-06-02 07:10:19"
98,1,"30413","Goldfields Nissan","183-185 Boulder Road","KALGOORLIE","6430","WA","Australia","08   90926200","08 90926248","C","2","W","W03",1,"2022-05-02 05:52:29","2022-05-02 05:52:29"
99,1,"30418","Ron Doyle Motors Nissan","113 Princes Highway           ","EDEN                                    ","2551","NSW","Australia","02   64961420","02 64961467","C","2","E","E04",1,"2022-05-02 05:52:29","2022-06-02 07:10:19"
100,1,"30419","Penrith Nissan","2128 - 2140 Castlereagh Road ","PENRITH                                 ","2750","NSW","Australia","02   47245555","02 47245566","A","1","E","E03",1,"2022-05-02 05:52:29","2022-06-02 07:10:19"
101,1,"30420","Parramatta Nissan","315 Church Street","GRANVILLE","2142","NSW","Australia","02   99122000","02 99122022","A","1","E","E02",1,"2022-05-02 05:52:29","2022-06-02 07:10:19"
102,1,"30421","Broken Hill Nissan","Cnr Galena & Rakow Street","BROKEN HILL                             ","2880","NSW","Australia","08   80872463","08 80877971","C","2","W","W03",1,"2022-05-02 05:52:29","2022-06-02 07:10:19"
103,1,"30422","Moree Nissan","430-434 Frome Street","MOREE                                   ","2400","NSW","Australia","02   67507400","02 67521298","C","2","E","N04",1,"2022-05-02 05:52:29","2022-08-22 09:01:17"
104,1,"30424","Goulburn Nissan","126 Hume Street","GOULBURN","2580","NSW","Australia","02   48230800","02 48218202","C","2","E","E03",1,"2022-05-02 05:52:29","2022-06-02 07:10:19"
105,1,"30426","Rockdale Nissan","257 - 271 Princes Highway","ARNCLIFFE","2205","NSW","Australia","02 93359200","02 95974914","A","1","E","E02",1,"2022-05-02 05:52:29","2022-05-02 05:52:29"
106,1,"30428","Western Nissan","Cnr Western Hwy & Christies Rd","RAVENHALL","3023","VIC","Australia","03   83618255","03 83618266","A","1","S","S04",1,"2022-05-02 05:52:29","2022-08-22 09:01:17"
107,1,"30429","von Bibra Robina Nissan","16 Brabham Circuit","ROBINA","4226","QLD","Australia","07   55750500","07 55621072","B","1","N","N01",1,"2022-05-02 05:52:29","2022-06-02 07:10:19"
108,1,"30430","Mays Motors","444 River Street","BALLINA                                 ","2478","NSW","Australia","02   66862399","02 66868667","C","2","N","N02",1,"2022-05-02 05:52:29","2022-06-02 07:10:19"
109,1,"30431","Lennock Motors","150 Melrose Drive             ","PHILLIP                                 ","2606","ACT","Australia","02   62822022","02 62852688","A","2","E","E02",1,"2022-05-02 05:52:29","2022-08-22 09:01:17"
110,1,"30432","Cooma Nissan","66 Sharp Street","COOMA","2630","NSW","Australia","02 64521077","264521142","C","2","E","E04",1,"2022-05-02 05:52:29","2022-05-02 05:52:29"
111,1,"30433","Preston Nissan","605-633 High Street","PRESTON","3072","VIC","Australia","03   84700999","03 84700900","B","1","S","S13",1,"2022-05-02 05:52:29","2022-05-02 05:52:29"
112,1,"30434","City Nissan Parts and Service","21- 43 Hoddle Street","COLLINGWOOD","3066","VIC","Australia","03   83838800","03 83838899","A","1","S","S13",1,"2022-05-02 05:52:29","2022-05-02 05:52:29"
113,1,"30435","Muswellbrook Nissan","102-106 Sydney St","MUSWELLBROOK","2333","NSW","Australia","02 65432466","265434242","C","2","E","E06",1,"2022-05-02 05:52:29","2022-05-02 05:52:29"
114,1,"30436","Suttons Chullora Nissan","Cnr Hume Hwy & Waterloo Road","CHULLORA","2190","NSW","Australia","02   96420233","02 96427798","A","1","E","E02",1,"2022-05-02 05:52:29","2022-06-02 07:10:19"
115,1,"30437","Sunshine Coast Nissan","37 Wises Road","BUDERIM","4556","QLD","Australia","07   54568000","07 54420699","A","2","N","N03",1,"2022-05-02 05:52:29","2022-06-02 07:10:19"
116,1,"30439","Springwood Nissan","3468-3476 Pacific Highway     ","SPRINGWOOD","4127","QLD","Australia","07   34428200","07 32206754","A","1","N","N02",1,"2022-05-02 05:52:29","2022-08-22 09:01:18"
117,1,"30441","Wangaratta Nissan","45-47 Tone Road","WANGARATTA","3677","VIC","Australia","03   57222000","03 57219451","C","1","S","S14",1,"2022-05-02 05:52:29","2022-05-02 05:52:29"
118,1,"30442","Townsville Nissan","515-593 Sturt Street          ","TOWNSVILLE                              ","4810","QLD","Australia","07   47262626","07 47262699","A","2","N","N01",1,"2022-05-02 05:52:29","2022-06-02 07:10:19"
119,1,"30443","Mantello Nissan","45 Reservoir Drive","COOLAROO","3048","VIC","Australia","03   83648888","03 83648899","A","1","S","S04",1,"2022-05-02 05:52:29","2022-08-22 09:01:18"
120,1,"30444","Martin's Garage","52-54 Chenery Street          ","MANSFIELD                               ","3722","VIC","Australia","03   57331000","03 57751179","C","2","S","S02",1,"2022-05-02 05:52:29","2022-08-22 09:01:18"
121,1,"30446","Ringwood Nissan","399 Maroondah Highway            ","RINGWOOD                                 ","3134","VIC","Australia","03   88339999","03 88339955","A","1","S","S02",1,"2022-05-02 05:52:29","2022-08-22 09:01:18"
122,1,"30454","Frankston Nissan","130 Dandenong Road","FRANKSTON","3199","VIC","Australia","03   97822744","03 97815920","A","1","S","S12",1,"2022-05-02 05:52:29","2022-05-02 05:52:29"
123,1,"30455","Mornington Nissan","109 Mornington-Tyabb Road","MORNINGTON","3931","VIC","Australia","03   59710700","03 59757976","B","1","S","S12",1,"2022-05-02 05:52:29","2022-05-02 05:52:29"
124,1,"30457","Hamilton Nissan","63-67 Cox Street              ","HAMILTON                                ","3300","VIC","Australia","03   55711700","03 55725999","C","2","S","S02",1,"2022-05-02 05:52:29","2022-08-22 09:01:18"
125,1,"30458","Ararat Nissan","182 High Street","Ararat","3377","VIC","Australia","03   53522168","03 53522330","C","2","S","S03",1,"2022-05-02 05:52:29","2022-08-22 09:01:18"
126,1,"30459","Muir Nissan Manjimup","Lot 26 Rose Street            ","MANJIMUP                                ","6258","WA","Australia","08   97820000","08 97771242","C","2","W","W02",1,"2022-05-02 05:52:29","2022-06-02 07:10:19"
127,1,"30461","Motorama Nissan","90 Anzac Avenue","HILLCREST","4118","QLD","Australia","07   38099111","07 30540347","B","1","N","N03",1,"2022-05-02 05:52:29","2022-08-22 09:01:18"
128,1,"30462","Main North Nissan","75 Main North Road            ","NAILSWORTH                              ","5083","SA","Australia","08   83095000","08 83095077","A","1","W","W03",1,"2022-05-02 05:52:29","2022-06-02 07:10:19"
129,1,"30463","Adrian Brien Nissan","1305C South Road","ST MARYS","5042","SA","Australia","08 83745444","08 83745499","A","1","W","W05",1,"2022-05-02 05:52:29","2022-05-02 05:52:29"
130,1,"30464","Grand Nissan","345 Main South Road","MORPHETT VALE","5162","SA","Australia","08 83263377","883263124","B","1","W","S17",1,"2022-05-02 05:52:29","2022-05-02 05:52:29"
131,1,"30466","Albion Park Nissan","11 Shandan Circuit","ALBION PARK RAIL","2527","NSW","Australia","02   42740685","02 42762363","B","1","E","E04",1,"2022-05-02 05:52:29","2022-08-22 09:01:18"
132,1,"30467","Castle Hill Nissan","2A Victoria Ave","CASTLE HILL","2154","NSW","Australia","02   90980668","02 98986899","A","1","E","E01",1,"2022-05-02 05:52:29","2022-08-22 09:01:18"
133,1,"30471","Clarkson Nissan","22 - 30 Pensacola Terrace","CLARKSON","6030","WA","Australia","08   94087333","08 94086837","B","2","W","W01",1,"2022-05-02 05:52:29","2023-01-08 11:13:58"
134,1,"30472","Spencer Nissan","50 Main Road","PORT PIRIE","5540","SA","Australia","08   86323888","08 86326405","C","2","W","W03",1,"2022-05-02 05:52:29","2022-06-02 07:10:19"
135,1,"30473","Colac Nissan","333-339 Princes Highway","COLAC WEST","3250","VIC","Australia","03 52319616","352321632","C","2","S","S11",1,"2022-05-02 05:52:29","2022-05-02 05:52:29"
136,1,"30475","Ipswich Nissan","5 Brisbane Road","BUNDAMBA                                ","4304","QLD","Australia","07   38173800","07 32826155","A","1","N","N01",1,"2022-05-02 05:52:29","2022-08-22 09:01:18"
137,1,"30476","Momsen Motors","106 - 108 Gipps Street","BEGA","2550","NSW","Australia","02   64921099","02 64923415","C","1","E","E04",1,"2022-05-02 05:52:29","2022-05-02 05:52:29"
138,1,"30478","Dandenong Nissan","46 Lonsdale Street","DANDENONG","3175","VIC","Australia","03 97929922","03 97929398","A","1","S","S12",1,"2022-05-02 05:52:29","2022-05-02 05:52:29"
139,1,"30481","Sydney City Nissan","93 O'Riordan Street","ALEXANDRIA","2015","NSW","Australia","02 93987666","293984621","A","1","E","E02",1,"2022-05-02 05:52:29","2022-05-02 05:52:29"
140,1,"30483","Maitland Nissan","173 - 187 Newcastle Road      ","EAST MAITLAND                           ","2323","NSW","Australia","02   49313333","02 49313344","A","2","E","E01",1,"2022-05-02 05:52:29","2022-06-02 07:10:19"
141,1,"30484","Bendigo Nissan","185-195 High Street","BENDIGO","3550","VIC","Australia","03   54423111","03 54415518","B","1","S","S03",1,"2022-05-02 05:52:29","2022-08-22 09:01:18"
142,1,"30485","Riverina Nissan","44-52 Dobney Avenue           ","WAGGA WAGGA                             ","2650","NSW","Australia","02   69326600","02 69326634","B","1","E","E03",1,"2022-05-02 05:52:29","2022-06-02 07:10:19"
143,1,"30486","Cessnock City Nissan","240 - 246 Maitland Road","CESSNOCK","2325","NSW","Australia","02   49936000","02 49936044","C","1","E","E01",1,"2022-05-02 05:52:29","2022-05-02 05:52:29"
144,1,"30488","Beer Nissan Seymour","49-51 Emily Street","SEYMOUR                                 ","3660","VIC","Australia","03   57922777","03 5792 1033","C","1","S","S03",1,"2022-05-02 05:52:29","2022-08-22 09:01:18"
145,1,"30489","Kempstar Nissan","118 Belgrave Street","KEMPSEY                                 ","2440","NSW","Australia","02   6562 1381","02 65621638","C","2","E","E01",1,"2022-05-02 05:52:29","2022-06-02 07:10:19"
146,1,"30491","Aspley Nissan","1454 Gympie Road","ASPLEY","4034","QLD","Australia","07   32468000","07 32468092","A","1","N","N02",1,"2022-05-02 05:52:29","2022-06-02 07:10:19"
147,1,"30494","Warwick Nissan","11-15 Albion Street           ","WARWICK                                 ","4370","QLD","Australia","07   46602000","07 46602011","C","1","N","N01",1,"2022-05-02 05:52:29","2022-06-02 07:10:19"
148,1,"30495","Dalwallinu Nissan","1 Dalwallinu West Road","DALWALLINU","6609","WA","Australia","08   96611105","08 96611357","C","2","W","W01",1,"2022-05-02 05:52:29","2022-05-02 05:52:29"
149,1,"30496","Moruya Nissan","68-76 Princes Highway         ","MORUYA                                  ","2537","NSW","Australia","02   44743444","02 44743503","C","2","E","E04",1,"2022-05-02 05:52:29","2022-06-02 07:10:19"
150,1,"30497","Taree Nissan","100 Manning River Drive       ","TAREE","2430","NSW","Australia","02   65926388","02 65510812","C","1","E","E01",1,"2022-05-02 05:52:29","2022-06-02 07:10:19"
151,1,"30499","Broome Nissan","2 Coghlan Street","BROOME","6725","WA","Australia","08   91945600","08 91945626","C","2","W","W02",1,"2022-05-02 05:52:29","2022-06-02 07:10:19"
152,1,"30500","Motors Nissan Launceston","170 Elizabeth Street          ","LAUNCESTON                              ","7250","TAS","Australia","03   63329101","03 63329189","A","2","S","S04",1,"2022-05-02 05:52:29","2022-08-22 09:01:18"
153,1,"30501","Motors Nissan Devonport","1 Don Road        ","DEVONPORT                               ","7310","TAS","Australia","03   64204500","03 64204536","C","1","S","S04",1,"2022-05-02 05:52:29","2022-08-22 09:01:18"
154,1,"30502","Motors Nissan Burnie","62 Marine Terrace","BURNIE                                  ","7320","TAS","Australia","03   64302483","03 64303101","C","1","S","S04",1,"2022-05-02 05:52:29","2022-08-22 09:01:18"
155,1,"30503","Innisfail Nissan","117-119 Edith Street          ","INNISFAIL                               ","4860","QLD","Australia","07   40635800","07 40613963","C","2","N","N04",1,"2022-05-02 05:52:29","2022-06-02 07:10:19"
156,1,"30504","Swan Hill Nissan","7 Pritchard Street","SWAN HILL","3585","VIC","Australia","03   50331555","03 50331688","C","1","S","S03",1,"2022-05-02 05:52:29","2022-08-22 09:01:18"
157,1,"30505","Chatswood Nissan","555 Pacific Highway","ARTARMON","2064","NSW","Australia","02 94133355","294139133","A","1","E","E06",1,"2022-05-02 05:52:29","2022-05-02 05:52:29"
158,1,"30506","Perth City Nissan","501 Albany Highway","VICTORIA PARK","6100","WA","Australia","08   92620000","08 93614419","B","2","W","W03",1,"2022-05-02 05:52:29","2022-05-02 05:52:29"
159,1,"30507","Bathurst Nissan","10 Corporation Avenue","ROBIN HILL","2795","NSW","Australia","02   63382000","02 63382050","C","1","E","E02",1,"2022-05-02 05:52:29","2022-06-02 07:10:19"
160,1,"30508","Western Plains Nissan","59-71 Victoria Street         ","DUBBO                                   ","2830","NSW","Australia","02   68844577","02 68842277","B","2","E","E02",1,"2022-05-02 05:52:29","2022-06-02 07:10:19"
161,1,"30509","Brighton Nissan","931 Nepean Highway","BENTLEIGH","3204","VIC","Australia","041899965","395639903","A","1","S","S11",1,"2022-05-02 05:52:29","2022-05-02 05:52:29"
162,1,"30510","Singleton Nissan","1 Waddells Lane","SINGLETON","2330","NSW","Australia","02   65788700","02 65721102","C","1","E","E01",1,"2022-05-02 05:52:29","2022-06-02 07:10:19"
163,1,"30511","Bellbowrie Motors","Cnr Pacific H'Way & Halls Road","COFFS HARBOUR                           ","2450","NSW","Australia","02   66568700","02 66512740","B","2","E","E01",1,"2022-05-02 05:52:29","2022-06-02 07:10:19"
164,1,"30512","Pilbara Nissan Newman ","18 Pardoo Street","NEWMAN","6753","WA","Australia","08   91543600","08 91543699","C","2","W","W02",1,"2022-05-02 05:52:29","2022-06-02 07:10:19"
165,1,"30513","Windsor Nissan","130 Windsor Road","MCGRATHS HILL","2756","NSW","Australia","02 45770400","02 45877008","C","1","E","E01",1,"2022-05-02 05:52:29","2022-05-02 05:52:29"
166,1,"30514","Waverley Nissan","565-577 Springvale Road","MULGRAVE","3170","VIC","Australia","03   95505888","03 95505855","A","1","S","S03",1,"2022-05-02 05:52:29","2022-08-22 09:01:18"
167,1,"30515","Tweed Coast Nissan","141 Wharf Street","TWEED HEADS                   ","2485","NSW","Australia","07   55069000","07 55369432","B","1","N","N02",1,"2022-05-02 05:52:29","2022-08-22 09:01:18"
168,1,"30516","Pennant Hills Nissan","343 Pennant Hills Road","PENNANT HILLS","2120","NSW","Australia","02   94737111","02 94873802","A","1","E","E03",1,"2022-05-02 05:52:29","2022-06-02 07:10:19"
169,1,"30517","Suttons Homebush Nissan","112-134 Parramatta Road","HOMEBUSH","2140","NSW","Australia","02   97464500","02 97464516","A","1","E","E02",1,"2022-05-02 05:52:29","2022-06-02 07:10:19"
170,1,"30518","Narrogin Nissan","12-14 Federal Street          ","NARROGIN                                ","6312","WA","Australia","08   98811033","08 98811209","B","1","W","W02",1,"2022-05-02 05:52:29","2022-10-17 01:17:17"
171,1,"30519","Mandurah Nissan","53 Pinjarra Road","MANDURAH                                ","6210","WA","Australia","08   95318989","08 95811144","B","2","W","W02",1,"2022-05-02 05:52:29","2022-06-02 07:10:19"
172,1,"30520","Peter Stevens Nissan","615 Creswick Road","BALLARAT                                ","3350","VIC","Australia","03   53368777","03 53368779","B","1","S","S03",1,"2022-05-02 05:52:29","2022-08-22 09:01:18"
173,1,"30521","Traralgon Nissan","Lot 1 Princes Highway","TRARALGON","3844","VIC","Australia","03   51757777","03 51757799","B","2","S","S01",1,"2022-05-02 05:52:29","2022-08-22 09:01:18"
174,1,"30522","North Lakes Nissan","8 Stapylton Street","NORTH LAKES","4509","QLD","Australia","07   38830900","07 38830999","A","1","N","N02",1,"2022-05-02 05:52:29","2022-08-22 09:01:18"
175,1,"30523","Midland City Nissan","192 Great Eastern Highway","MIDLAND","6056","WA","Australia","08   92730000","08 92730011","B","1","W","W03",1,"2022-05-02 05:52:29","2022-05-02 05:52:29"
176,1,"30524","Morley City Nissan","104 Broun Avenue","MORLEY","6062","WA","Australia","08   92209240","08 92209267","B","1","W","W02",1,"2022-05-02 05:52:29","2022-05-02 05:52:29"
177,1,"30525","Barton's Wynnum Nissan","200 Tingal Road","WYNNUM","4178","QLD","Australia","07   33967777","07 3393 3593","A","1","N","N03",1,"2022-05-02 05:52:29","2022-08-22 09:01:18"
178,1,"30526","Thompson Nissan Echuca","75-77 Northern Highway","ECHUCA","3564","VIC","Australia","03   54831400","03 54831400","C","1","S","S02",1,"2022-05-02 05:52:29","2022-08-22 09:01:18"
179,1,"30527","South Nowra Nissan","128 Princes Highway","SOUTH NOWRA","2541","NSW","Australia","02   44288222","02 44288233","B","2","E","E04",1,"2022-05-02 05:52:29","2022-08-22 09:01:18"
180,1,"48320","Kerry Nissan","21-25 Stuart Hwy","STUART PARK","820","NT","Australia","08   89808080","08 89808081","A","2","W","W02",1,"2022-05-02 05:52:29","2022-08-22 09:01:18"
181,1,"48370","Peninsula Nissan","5 Taylor Street               ","KADINA                                  ","5554","SA","Australia","08   88211022","08 88212989","C","2","W","W03",1,"2022-05-02 05:52:29","2022-06-02 07:10:19"
182,1,"48635","Gove Nissan","Arnhem Road","NHULUNBUY","880","NT","Australia","08 89871911","889871227","C","2","W","W03",1,"2022-05-02 05:52:29","2022-05-02 05:52:29"
183,1,"48785","Jarrett Nissan","510 Mount Barker Road         ","BRIDGEWATER","5155","SA","Australia","08   83392700","08 83709895","B","1","W","W03",1,"2022-05-02 05:52:29","2022-08-22 09:01:18"
184,1,"48790","Whyalla Nissan","40 Playford Avenue","WHYALLA                                 ","5600","SA","Australia","08   86457388","08 86455512","C","1","W","W03",1,"2022-05-02 05:52:29","2022-06-02 07:10:19"
185,1,"49010","Duttons Nissan","7 Adelaide Road               ","MURRAY BRIDGE                           ","5253","SA","Australia","08   85315600","08 85315680","C","2","W","W03",1,"2022-05-02 05:52:29","2022-08-22 09:01:18"
186,1,"49260","Kittles Nissan","46 Stuart Highway             ","ALICE SPRINGS                           ","870","NT ","Australia","08 89554200","889554292","C","2","S","S17",1,"2022-05-02 05:52:29","2022-05-02 05:52:29"
187,1,"49320","Barossa Nissan","30 Murray Street","NURIOOTPA","5355","SA","Australia","08   85622411","08 85622725","C","1","W","W04",1,"2022-05-02 05:52:29","2022-05-02 05:52:29"
188,1,"49502","O.G.R. Nissan","33 - 41 Penola Road           ","MOUNT GAMBIER                           ","5290","SA","Australia","08   87241177","08 87231413","C","1","W","W03",1,"2022-05-02 05:52:29","2022-06-02 07:10:19"
189,1,"49640","City Motors","Cnr King & Porter Streets     ","PORT LINCOLN                            ","5606","SA","Australia","08   86821100","08 86824734","C","2","W","W03",1,"2022-05-02 05:52:29","2022-06-02 07:10:19"
190,1,"49668","Wickham Flower & Co (Bordertown)","41 Binnie Street","BORDERTOWN","5268","SA","Australia","08   87521755","08 87522675","C","2","W","W03",1,"2022-05-02 05:52:29","2022-05-02 05:52:29"
191,1,"80172","Suspension File","","","","","Australia","","","","","","",1,"2022-05-02 05:52:29","2022-05-31 13:07:26"
192,1,"30528","Essendon Nissan","288 Wirraway Road","ESSENDON FIELDS","3041","VIC","NULL","03   93796643","03 93741460","A","1","S","S02",1,"2022-05-02 05:52:29","2022-08-22 09:01:18"
193,1,"30529","Brighton Nissan","931 Nepean Highway","BENTLEIGH","3204","VIC","NULL","03   95639977","03 95639903","A","1","S","S14",1,"2022-05-02 05:52:29","2022-06-20 07:15:37"
194,1,"30530","Caboolture Nissan","29 Bribie Island Road","CABOOLTURE                              ","4510","QLD","NULL","07   54950555","07 54952839","B","1","N","N02",1,"2022-05-02 05:52:29","2022-08-22 09:01:18"
195,1,"30531","Southern Vales Nissan","345 Main South Road","MORPHETT VALE                           ","5162","SA","NULL","08   83263377","08 83263124","B","1","W","W03",1,"2022-05-02 05:52:29","2022-06-20 07:15:37"
196,1,"30532","Centralian Motors Nissan","Cr Nth Stuart Hwy & Dalgety Rd","ALICE SPRINGS  ","870","NT","NULL","08   89597700","08 89522333","C","2","W","W01",1,"2022-05-02 05:52:29","2022-08-22 09:01:18"
197,1,"30535","Barton's Capalaba Nissan","115 Redland Bay Road","CAPALABA","4157","QLD","NULL","07   32452200","07 32864193","A","1","N","N03",1,"2022-05-02 05:52:29","2022-08-22 09:01:18"
198,1,"30536","Eagers Newstead Nissan","95 Breakfast Creek Road","NEWSTEAD","4006","QLD","NULL","07   36343373","07 36323400","A","1","N","N03",1,"2022-05-02 05:52:29","2022-08-22 09:01:18"
199,1,"30533","CKD Nissan Chatswood","586 Pacific Highway","CHATSWOOD","2067","NSW","NULL","02   83293888","","A","1","E","E03",1,"2022-05-02 05:52:29","2022-06-20 07:15:37"
200,1,"30534","Brookvale Nissan","581 - 583 Pittwater Road","BROOKVALE","2100","NSW","NULL","02   83293800","","A","1","E","E03",1,"2022-05-02 05:52:29","2022-06-20 07:15:37"
201,1,"30537","Melville Nissan","532-540 Canning Highway","ATTADALE","6156","WA","NULL","08   93335393","08 93335300","A","1","W","W02",1,"2022-05-02 05:52:29","2022-08-22 09:01:18"
202,1,"30538","Suttons City Nissan","1 Link Road","ZETLAND","2017","NSW","NULL","02   99313000","","A","1","E","E05",1,"2022-05-02 05:52:29","2022-06-20 07:15:37"
203,1,"30539","Muswellbrook Nissan","102-106 Sydney Street","MUSWELLBROOK","2333","NSW","NULL","02   65432466","02 65434242","C","1","E","E01",1,"2022-05-02 05:52:29","2022-06-20 07:15:37"
204,1,"30540","Colac Nissan","333-339 Princes Highway","COLAC WEST                              ","3250","VIC","NULL","03   52319616","03 52325255","C","2","S","S04",1,"2022-05-02 05:52:29","2022-08-22 09:01:18"
205,1,"30541","Cooma Nissan","66 Sharp Street","COOMA","2630","NSW","NULL","02   64521077","02 64521142","C","2","E","E04",1,"2022-05-02 05:52:29","2022-06-20 07:15:37"
206,1,"30543","Adrian Brien Nissan P & S","58 Maple Avenue","FORESTVILLE","5035","SA","NULL","08   83745444","08 83745499","A","1","W","W04",0,"2022-05-02 05:52:29","2022-05-02 05:52:29"
207,1,"30544","Hobart Nissan","235 Argyle Street","HOBART","7000","TAS","NULL","03   62133353","","A","1","S","S04",1,"2022-05-02 05:52:29","2022-08-22 09:01:18"
208,1,"30545","Suttons Arncliffe Nissan","85-93 Princes Highway","ARNCLIFFE","2205","NSW","NULL","02   93359000","02 93359069","A","1","E","E02",1,"2022-05-02 05:52:29","2022-08-22 09:01:18"
209,1,"30546","Warragul Nissan","4 - 6 Howitt Street           ","WARRAGUL                                ","3820","VIC","NULL","03   56236212","03 56234846","C","1","S","S01",1,"2022-05-02 05:52:29","2022-08-22 09:01:18"
210,1,"55000","Test Nissan","1 Hardner Road","Mt Waverley","3149","VIC","NULL","395449054","395449045","A","1","S","S25",0,"2022-05-02 05:52:29","2022-05-02 05:52:29"
211,1,"99999","Ineligible role","0","0","0","0","NULL","0","0","0","0","0","0",0,"2022-05-02 05:52:29","2022-05-02 05:52:29"
212,1,"30542","Adrian Brien Nissan","1305C South Road","ST MARYS","5042","SA","NULL","08   83745444","08 83745499","A","1","W","W03",1,"2022-05-02 05:52:29","2022-06-20 07:15:37"
213,1,"30547","Mentone Nissan","1 Nepean Highway","MENTONE","3194","VIC","NULL","03   95639977","03 95639903","B","2","S","S14",1,"2022-05-02 05:52:29","2022-06-20 07:15:37"
214,1,"30551","Maddington Nissan","1974 Albany Highway","MADDINGTON","6109","WA","NULL","08   94936777","08 94160899","B","1","W","W01",1,"2022-05-02 05:52:29","2022-06-20 07:15:37"
215,1,"30552","Gympie Nissan","Cnr Bruce Highway & Oak Street","GYMPIE","4570","QLD","NULL","07   54804100","","C","1","N","N02",1,"2022-05-02 05:52:29","2022-06-20 07:15:37"
216,1,"30549","Dandenong Nissan","46 Lonsdale Street","DANDENONG","3175","VIC","NULL","03   97929922","03 97929398","A","1","S","S02",1,"2022-05-02 05:52:29","2022-08-22 09:01:18"
217,1,"30556","Mornington Nissan","109 Mornington-Tyabb Road     ","MORNINGTON                              ","3931","VIC","NULL","03   59710700","03 59757976","B","1","S","S01",1,"2022-05-02 05:52:29","2022-08-22 09:01:18"
218,1,"30558","Frankston Nissan","140 Dandenong Road West","FRANKSTON","3199","VIC","NULL","03   97844444","03 97815920","A","1","S","S01",1,"2022-05-02 05:52:29","2022-08-22 09:01:18"
219,1,"30548","Wollongong Nissan","188 Corrimal Street","WOLLONGONG","2500","NSW","NULL","02   42542000","02 42762363","B","2","E","E04",1,"2022-05-02 05:52:29","2022-08-22 09:01:18"
220,1,"30555","Avon Valley Nissan","47 Fitzgerald Street            ","NORTHAM                                 ","6401","WA","NULL","08   96211311","08 96228306","C","2","W","W01",1,"2022-05-02 05:52:29","2022-06-20 07:15:37"
221,1,"30557","Wangaratta Nissan","45 Tone Road","WANGARATTA","3677","VIC","NULL","03   57222000","03 57219451","C","1","S","S02",1,"2022-05-02 05:52:29","2022-08-22 09:01:18"
222,1,"30559","Gosford Nissan","1 Racecourse Road","WEST GOSFORD","2250","NSW","NULL","02   43465050","","A","2","E","E02",1,"2022-05-02 05:52:29","2022-06-20 07:15:37"
223,1,"30560","Bega Valley Nissan","106 - 108 Gipps Street","BEGA","2550","NSW","NULL","02   6494 8900","02 64923415","C","2","E","E04",1,"2022-05-02 05:52:29","2022-06-20 07:15:37"
224,1,"30550","Mildura Nissan","19-29 Orange Avenue","MILDURA","3500","VIC","NULL","03   50213866","03 50213901","C","1","W","W03",1,"2022-05-02 05:52:29","2022-06-20 07:15:37"
225,1,"30553","Cardiff Nissan","2 Sturt Road","CARDIFF                                 ","2285","NSW","NULL","02   40149950","02 40149951","A","2","E","E01",1,"2022-05-02 05:52:29","2022-08-22 09:01:18"
226,1,"30554","Kloster Nissan","Cnr Tudor & Parry Streets","HAMILTON                                ","2303","NSW","NULL","02   49220595","02 49610543","A","2","E","E01",1,"2022-05-02 05:52:29","2022-08-22 09:01:18"
227,1,"30561","Morley City Nissan","104 Broun Avenue","MORLEY","6062","WA","NULL","08   92209240","08 92209267","A","1","W","W01",1,"2022-05-02 05:52:29","2022-06-20 07:15:37"
228,1,"30562","Midland City Nissan","3/181A Great Eastern Highway","MIDLAND","6056","WA","NULL","08   63746333","08 92730011","A","1","W","W01",1,"2022-05-02 05:52:29","2023-01-08 11:13:58"
229,1,"30563","Ryde Nissan","603 Victoria Road","RYDE","2112","NSW","NULL","02   8198 1881","","A","1","E","E03",1,"2022-05-02 05:52:29","2022-08-22 09:01:18"
230,1,"30564","Cessnock City Nissan","240 - 246 Maitland Road","CESSNOCK","2325","NSW","NULL","02   49936000","02 49936044","C","1","E","E01",1,"2022-05-02 05:52:29","2022-06-20 07:15:37"
231,1,"30565","Beaudesert Nissan","167-171 Brisbane Street","BEAUDESERT","4285","QLD","NULL","07   55424900","07 55413276","C","1","N","N04
",1,"2022-05-02 05:52:29","2022-08-22 09:01:18"
232,1,"30566","Footscray Nissan","462 Geelong Road","WEST FOOTSCRAY","3012","VIC","NULL","03   92178693","","B","1","S","S04",1,"2022-05-02 05:52:29","2022-08-22 09:01:18"
233,1,"30567","Burwood Nissan","101 Burwood Highway","BURWOOD","3125","VIC","NULL","03   92737222","03 92737277","A","1","S","S01",1,"2022-05-02 05:52:29","2022-08-22 09:01:18"
234,1,"30568","Blackburn Nissan","138 Whitehorse Road","BLACKBURN","3130","VIC","NULL","03   98942244","03 98942944","A","1","S","S01",1,"2022-05-02 05:52:29","2022-08-22 09:01:18"
235,1,"30569","Young Nissan","30 Boorowa Street","YOUNG","2594","NSW","NULL","02   63821155","02 63824673","C","2","E","E02",1,"2022-05-02 05:52:29","2022-08-22 09:01:18"
236,1,"30570","Ralph D'Silva Nissan","605-633 High Street","PRESTON","3072","VIC","NULL","03   84700999","03 84700900","B","1","S","S02",1,"2022-05-02 05:52:29","2022-08-22 09:01:18"
237,1,"30571","Goondiwindi Nissan","31 Albert Street","GOONDIWINDI","4390","QLD","NULL","07   46717300","07 46713557","C","2","N","N04",1,"2022-05-02 05:52:29","2022-08-22 09:01:18"
238,1,"30572","Orange Nissan","8-14 Gateway Crescent","ORANGE","2800","NSW","NULL","02   63627169","02 63937299","C","1","E","E02",1,"2022-05-02 05:52:29","2022-06-20 07:15:37"
239,1,"30574","Bordertown Nissan","41 Binnie Street","BORDERTOWN","5268","SA","NULL","08   87521755","08 87522675","C","2","W","W03",1,"2022-05-02 05:52:29","2022-06-20 07:15:37"
240,1,"30575","Naracoorte Nissan","35 Macdonnell Street","NARACOORTE","5271","SA","NULL","08   87601900","08 87622363","C","2","W","W03",1,"2022-05-02 05:52:29","2022-06-20 07:15:37"
241,1,"30573","Huston Nissan","19 Rogers Drive","KINGAROY                                ","4610","QLD","NULL","07   41649300","07 41649333","C","2","N","N03",1,"2022-05-02 05:52:29","2022-06-20 07:15:37"
242,1,"30576","Bay City Nissan","Cnr. Boat Harbour & Nissen Sts","HERVEY BAY                              ","4655","QLD","NULL","07   4124 0000","07 41245222","C","1","N","N03",1,"2022-05-02 05:52:29","2022-08-22 09:01:18"
243,1,"30577","Maryborough Nissan","70 Ferry Street","MARYBOROUGH                             ","4650","QLD","NULL","07   41230000","07 41223114","C","2","N","N03",1,"2022-05-02 05:52:29","2022-08-22 09:01:18"
244,1,"30578","Barossa Nissan","30 Murray Street","NURIOOTPA","5355","SA","NULL","08   85622411","08 85622725","C","1","W","W03",1,"2022-05-02 05:52:29","2022-08-22 09:01:18"
245,1,"30579","Armidale Nissan","101 Marsh Street","ARMIDALE","2350","NSW","NULL","02   67728411","02 67728411","C","2","E","E03",1,"2022-05-02 05:52:29","2022-08-22 09:01:18"
246,1,"30580","Gladstone Nissan","231 Dawson Highway","GLADSTONE","4680","QLD",NULL,"07   49707070","07 49722986","B","2","N","N02",1,"2022-06-20 07:15:37","2022-06-20 07:15:37"
247,1,"30581","Great Lakes Nissan","33 - 37 Manning Street        ","TUNCURRY                                ","2428","NSW",NULL,"02   65547202","02 65554387","C","1","E","E01",1,"2022-06-28 04:56:13","2022-06-28 04:56:13"
248,1,"30582","Atherton Nissan","Cnr Vernon & Louise Streets","ATHERTON","4883","QLD",NULL,"07   40305400","07 40913061","C","1","N","N04",1,"2022-08-22 09:01:18","2022-08-22 09:01:18"
249,1,"30584","Brighton Nissan","801 Nepean Highway","BENTLEIGH","3204","VIC",NULL,"03   95639977","03 95639903","A","1","S","S03",1,"2022-08-22 09:01:18","2022-08-22 09:01:18"
250,1,"30585","Mentone Nissan","1 Nepean Highway","MENTONE","3194","VIC",NULL,"03   95639977","03 95639903","A","1","S","S03",1,"2022-08-22 09:01:18","2022-08-22 09:01:18"
251,1,"30583","Gosnells Nissan","2325 Albany Highway","GOSNELLS","6110","WA",NULL,"08   93982211","08 94160899","B","1","W","W01",1,"2022-09-08 03:11:36","2023-04-26 23:45:37"
252,1,"30586","Kempsey Nissan","118 Belgrave Street","KEMPSEY                                 ","2440","NSW",NULL,"02   6562 1381","02 65621638","C","2","E","E01",1,"2022-09-08 03:11:36","2022-10-17 01:17:17"
253,1,"30587","Mount Isa Nissan","59-65 West Street","MOUNT ISA","4825","QLD",NULL,"07   47438866","07 47438866","C","2","N","N04",1,"2022-10-17 01:17:17","2022-11-14 09:36:01"
254,1,"30588","Mornington Nissan","109 Mornington-Tyabb Road","MORNINGTON","3931","VIC",NULL,"03   59710700","03 59757976","B","1","S","S01",1,"2022-11-16 03:29:59","2022-11-16 03:29:59"
255,1,"30589","Sale City Nissan","36-38 Foster Street","SALE","3850","VIC",NULL,"03   51443944","03 51446289","C","2","S","S02",1,"2023-04-26 23:45:37","2023-04-26 23:45:37"
