_amb_id,yr_2017
404,1400
794,0
801,500
828,1250
856,850
889,0
971,640
1106,0
1124,480
1192,1200
1261,1050
1382,600
1501,0
1579,1240
1618,1250
1680,350
1738,700
1803,700
1876,320
2135,600
2185,3500
2383,950
2388,950
2410,1100
2597,1200
2599,40
2642,500
2821,1400
3038,3500
3086,2500
3341,1100
3479,1100
3587,1450
3714,1000
3802,0
3813,3650
3826,0
3831,1250
3921,1040
3935,1300
3988,250
4043,900
4078,0
4175,1440
4245,0
4281,640
4313,0
4411,1050
4552,0
4622,3350
4928,700
5011,850
5058,350
5136,0
5295,400
5355,1450
5396,2950
5413,440
5448,350
5463,500
5487,0
5557,950
5583,1000
5589,1450
5647,0
5657,700
5662,730
5724,0
5759,900
5882,1180
5967,250
6018,2150
6051,3350
6309,250
6310,600
6385,350
6439,1300
6536,1700
6715,250
6728,1650
7008,0
10095,1800
10355,1300
10450,1550
10454,610
10506,300
10525,1030
10794,2600
10802,2100
10887,450
11363,1250
11396,40
11957,2280
12345,0
12359,680
12838,490
13508,80
14013,160
14133,2240
14344,950
14536,2350
14580,2680
14682,1780
14840,500
14908,2270
15016,2100
15177,3850
15178,1300
15299,2070
15366,1400
15373,5470
15424,1350
15495,1300
15509,2350
15514,1280
15606,1130
15632,1300
15777,1350
16020,760
16071,1090
16085,3040
16130,0
16273,0
16327,2640
16344,520
16351,200
16407,3000
16458,250
16532,0
16534,2100
16615,640
16653,4500
16658,1950
16663,260
16676,3030
16695,1050
16711,2300
16732,160
16777,2350
16790,1950
16813,400
16883,1500
17147,3570
17315,2400
17425,1450
17450,300
17645,2280
17690,2740
17693,2050
17772,2770
17819,1750
17850,1320
17851,1140
17858,2210
17870,4100
17915,1860
17964,0
18031,120
18173,2690
18179,1550
18182,4850
18276,800
18334,5190
18421,2500
18430,520
18488,410
18495,600
18520,20
18585,640
18661,4050
18667,120
18668,330
18717,2250
18720,4600
18741,500
18742,1730
18750,1100
18757,1080
18822,2650
18872,1640
18918,160
18946,960
19048,280
19111,1550
19122,1400
19140,700
19150,360
19162,5250
19172,2300
19178,1700
19180,650
19185,0
19187,1550
19194,2250
19197,4950
19198,4550
19199,2550
19203,1300
19208,700
19212,2300
19283,2700
19293,700
19311,1700
19343,2300
19345,330
19346,2000
19403,2000
19426,1000
19438,0
19465,0
19470,2550
19506,1320
19535,870
19550,830
19587,690
19588,1000
19612,0
19616,1100
19639,3060
19652,0
19695,5350
19707,2700
19754,2550
19793,2300
19804,1550
19812,700
19875,850
19886,740
19894,2550
19901,1850
19904,850
19921,6250
19943,1180
19978,1950
20035,700
20042,0
20046,250
20048,0
20059,2250
20073,1100
20128,2550
20168,1300
20202,0
20243,350
20247,1840
20261,1040
20264,6040
20302,1300
20307,500
20338,1700
20341,2650
20343,1710
20347,0
20365,580
20386,390
20428,500
20479,0
20482,1600
20517,1450
20550,1350
20553,0
20626,0
20653,1700
20699,800
20701,1300
20716,2850
20752,1610
20754,1440
20776,1100
20824,3970
20871,0
20879,530
20905,900
20911,2250
20934,2550
20945,450
20953,300
20955,2250
20980,2350
20993,1800
21001,0
21006,0
21139,2060
21217,1160
21218,1850
21255,1140
21294,1300
21311,0
21314,1300
21315,0
21316,2700
21337,1320
21345,730
21411,1100
21425,1300
21430,2000
21458,3750
21459,4310
21482,1190
21503,1490
21556,360
21570,1160
21585,40
21629,1000
21637,340
21640,2860
21670,0
21675,1730
21692,2870
21697,1300
21703,600
21761,0
21774,3030
21796,0
21800,1550
21807,280
21826,2080
21831,1870
21900,480
21907,360
21909,0
21920,980
21923,1180
21951,2550
21974,1050
21975,790
21979,0
21985,300
21986,740
21993,0
21998,3870
22018,500
22027,0
22033,500
22068,740
22097,700
22112,3790
22116,1700
22130,0
22131,0
22186,0
22190,1100
22194,2300
22199,3720
22216,250
22218,1700
22274,1420
22290,0
22294,1150
22325,0
22328,1400
22335,2300
22353,600
22381,0
22402,0
22404,0
22405,2300
22411,3700
22412,1250
22416,2550
22417,200
22419,520
22428,2550
22434,850
22435,1000
22438,3270
22445,4550
22451,1950
22456,1090
22483,950
22484,250
22487,330
22489,0
22547,350
22556,1200
22600,1040
22604,2550
22633,1400
22704,1200
22710,2080
22717,0
22743,300
22782,1270
22785,2550
22786,0
22793,1300
22795,1760
22815,950
22823,3890
22843,3890
22882,730
22888,4000
22963,80
22998,410
23004,250
23010,2610
23027,3000
23037,1200
23042,1000
23052,40
23059,0
23068,0
23087,2000
23136,1800
23138,4000
23171,0
23174,2300
23175,1650
23186,2300
23194,250
23210,0
23219,250
23258,2850
23265,600
23277,1200
23278,950
23297,2750
23303,250
23341,340
23342,4060
23347,1000
23350,1470
23361,1780
23367,1850
23368,2600
23371,1250
23373,2290
23378,450
23413,1050
23415,0
23423,770
23443,1600
23448,0
23456,1805
23463,4550
23464,1300
23483,240
23488,540
23522,3000
23524,370
23527,1400
23553,2730
23563,80
23574,1170
23593,4490
23597,1800
23598,160
23616,750
23617,40
23618,2100
23633,160
23640,0
23642,160
23651,4000
23661,0
23679,3950
23680,650
23683,0
23684,0
23701,80
23716,0
23727,1050
23737,4350
23743,1830
23757,1000
23759,2060
23764,2250
23769,750
23773,500
23798,0
23800,2300
23808,1175
23811,600
23813,2300
23817,100
23842,2550
23870,1200
23896,1300
23905,1340
23914,1950
23939,660
23955,1800
23963,0
23993,900
23994,2300
23997,200
24006,240
24014,880
24030,400
24043,3850
24098,500
24106,2370
24120,2700
24123,1380
24130,1490
24136,650
24141,500
24156,650
24176,870
24184,0
24186,2510
24187,2300
24193,1000
24198,500
24215,0
24219,1950
24222,2110
24240,2330
24253,3350
24256,3350
24279,3030
24300,2950
24301,2300
24312,800
24337,3550
24348,4290
24355,250
24364,2250
24394,640
24399,615
24416,600
24442,500
24448,1730
24458,640
24461,3970
24472,2700
24474,450
24476,400
24508,0
24561,240
24562,40
24570,3000
24571,4250
24585,1300
24596,350
24617,250
24622,3750
24629,40
24649,2700
24673,1000
24675,0
24681,4850
24682,600
24684,2910
24687,600
24713,4250
24722,1550
24723,960
24769,840
24775,600
24782,1180
24787,250
24804,2970
24809,1250
24817,3250
24819,250
24822,2300
24825,1410
24830,250
24832,350
24839,1450
24844,1125
24847,1800
24856,660
24860,1340
24891,2300
24904,1100
24918,840
24929,290
24938,4000
24949,200
24953,600
24957,600
24981,5000
25015,1500
25058,240
25146,4250
25151,540
25167,1050
25170,1500
25182,250
25192,250
25195,2300
25208,1750
25233,1250
25240,0
25241,800
25245,1050
25246,160
25250,2900
25259,1140
25267,0
25270,3180
25272,750
25290,1250
25294,925
25297,1250
25316,800
25318,1550
25323,850
25387,0
25388,3420
25406,3450
25417,1500
25447,0
25451,1050
25495,800
25523,0
25552,1150
25555,2155
25569,1260
25570,520
25572,320
25584,2670
25586,1150
25594,0
25616,875
25623,4850
25635,3000
25697,2710
25738,500
25888,1600
25899,440
25916,580
25927,290
25932,2810
25966,450
25968,0
25976,0
25977,0
26001,0
26022,500
26031,530
26050,1000
26051,670
26056,1100
26057,890
26062,1080
26073,1080
26095,540
26097,1400
26106,3350
26130,680
26150,160
26152,0
26153,1080
26161,1795
26166,800
26172,560
26185,1250
26190,990
26202,360
26206,490
26238,1300
26270,40
26306,80
26310,2625
26328,1030
26333,0
26334,0
26342,2100
26343,240
26363,1640
26373,1190
26380,0
26396,2300
26419,350
26445,4750
26446,9650
26449,250
26460,1250
26472,2500
26481,4430
26492,1550
26507,40
26543,300
26544,1300
26582,3250
26614,540
26672,820
26677,1050
26686,2350
26704,
26713,925
26720,2790
26730,3550
26735,1100
26748,1800
26753,320
26754,2400
26757,0
26765,250
26776,2050
26840,350
26854,1750
26872,1300
26874,0
26876,3650
26884,0
26900,850
26925,2730
26926,180
26930,1900
26957,3500
26979,600
26996,820
26997,250
27000,440
27010,0
27026,2050
27035,250
27042,3250
27055,0
27107,1250
27214,2035
27216,2440
27218,2300
27223,820
27238,0
27245,600
27252,1460
27263,600
27290,1540
27291,695
27294,0
27306,350
27310,160
27311,80
27314,600
27320,4050
27332,700
27337,250
27338,2050
27348,1250
27352,20
27355,0
27383,0
27387,2300
27388,2210
27411,1150
27413,1000
27420,600
27422,330
27433,0
27448,400
27461,320
27463,1090
27487,4550
27489,1300
27504,500
27511,2940
27521,3550
27530,1200
27535,1800
27536,200
27540,0
27542,250
27544,240
27547,2250
27557,80
27568,2080
27576,730
27585,0
27594,1570
27608,1750
27619,590
27622,320
27625,1250
27628,5710
27639,840
27647,1100
27655,2300
27665,2910
27672,500
27682,2300
27686,725
27692,40
27708,480
27712,3350
27713,180
27717,250
27743,500
27746,400
27770,600
27781,0
27788,810
27803,2300
27811,120
27815,3000
27825,750
27842,250
27852,820
27860,4550
27863,2300
27866,2100
27879,2100
27891,1550
27892,360
27899,2250
27912,4600
27913,1300
27914,1570
27969,450
27979,250
28007,2300
28017,2300
28022,4000
28031,720
28046,2550
28057,250
28059,980
28072,600
28105,1400
28113,700
28131,3490
28137,1250
28144,1350
28150,1410
28153,410
28154,240
28155,1500
28163,160
28164,0
28173,0
28180,730
28189,2250
28192,860
28194,500
28197,330
28198,500
28204,40
28214,500
28216,40
28219,2235
28229,805
28243,630
28244,1580
28250,0
28259,40
28267,1110
28271,500
28275,0
28277,500
28280,5110
28288,0
28294,350
28297,1400
28310,1480
28311,1730
28314,1000
28316,0
28321,500
28323,700
28328,800
28330,840
28333,500
28343,1500
28381,1650
28390,1500
28391,1300
28393,1080
28397,540
28399,80
28400,1540
28410,1120
28419,2300
28424,0
28427,1080
28443,3810
28459,0
28460,0
28466,250
28470,2300
28552,0
28563,2930
28564,650
28567,40
28570,80
28579,1050
28582,3330
28587,1980
28599,0
28609,500
28616,0
28634,1460
28654,750
28660,2300
28662,2300
28663,2300
28684,450
28701,1780
28707,330
28730,1400
28766,2150
28772,850
28780,500
28782,350
28792,1950
28809,1845
28830,3500
28839,900
28844,280
28846,500
28848,500
28849,290
28855,900
28859,4100
28861,0
28902,500
28903,250
28909,2450
28926,250
28929,250
28933,2050
28937,0
28942,480
28944,250
28947,0
28963,3000
28975,500
28979,3250
28982,1300
28984,2510
28987,350
29006,0
29007,870
29012,0
29015,1400
29024,700
29027,480
29035,400
29037,400
29043,1200
29052,1570
29055,0
29065,0
29067,1050
29068,280
29072,500
29078,650
29081,340
29083,500
29086,500
29089,0
29094,1550
29095,0
29106,0
29109,700
29110,1780
29114,800
29124,1840
29136,1050
29145,350
29188,1160
29197,1800
29201,0
29214,1100
29246,1050
29256,850
29258,2300
29262,0
29263,400
29270,320
29273,0
29276,0
29290,1865
29301,2000
29307,2580
29311,0
29336,1090
29337,2750
29340,1400
29341,330
29351,400
29356,1940
29358,3340
29362,2300
29369,80
29378,0
29389,850
29411,250
29422,0
29435,540
29452,1300
29459,0
29460,660
29472,500
29500,2990
29506,500
29517,660
29529,520
29565,620
29567,500
29569,0
29573,575
29583,1850
29584,0
29586,0
29597,1480
29604,0
29611,0
29623,1350
29632,500
29635,0
29638,3410
29650,2210
29651,0
29657,1300
29666,2300
29672,1250
29681,0
29682,5250
29683,3800
29687,1650
29697,40
29723,0
29728,2550
29740,250
29747,2050
29771,2300
29777,320
29782,600
29783,700
29786,2300
29794,400
29806,800
29808,0
29824,2550
29834,0
29835,0
29840,1900
29841,0
29845,1370
29860,1200
29861,0
29873,2300
29878,2550
29899,0
29903,2375
29904,600
29920,0
29926,1650
29929,340
29935,0
29940,0
29945,1620
29952,1750
29959,350
29963,350
29986,770
29990,0
29999,2970
30001,500
30019,700
30021,700
30027,1100
30062,250
30066,2600
30068,40
30074,250
30078,2250
30085,700
30110,1200
30123,250
30145,1250
30147,1320
30169,620
30184,440
30200,2930
30215,1400
30216,1400
30219,500
30225,1200
30232,4530
30235,2250
30236,0
30266,2300
30267,2300
30277,3650
30282,0
30284,1910
30287,250
30290,730
30293,880
30320,580
30328,0
30331,750
30340,1170
30346,1000
30449,0
30500,1000
30515,500
30526,40
30530,600
30540,600
30550,0
30551,4000
30568,4550
30595,0
30607,0
30615,2300
30631,1340
30673,0
30677,770
30678,570
30680,970
30725,600
30743,1200
30756,4190
30758,620
30764,0
30773,1795
30774,1350
30776,900
30780,900
30804,800
30810,1010
30812,1150
30823,1950
30828,0
30834,0
30837,580
30858,1960
30859,2600
30862,260
30874,1250
30891,1100
30901,1550
30903,500
30904,650
30915,1225
30916,1300
30919,800
30923,3400
30926,0
30997,1060
30998,1000
31002,40
31009,1090
31020,730
31028,0
31050,1400
31056,1970
31060,720
31062,1370
31065,1140
31067,2300
31081,1350
31085,0
31103,0
31121,4350
31133,800
31134,800
31170,540
31173,2300
31181,520
31182,360
31188,250
31189,2300
31191,40
31193,3110
31194,900
31219,2120
31229,1540
31238,3300
31244,1000
31256,900
31258,500
31267,250
31293,1850
31310,280
31311,900
31313,800
31316,0
31317,1850
31318,3770
31320,500
31334,0
31342,630
31351,0
31353,1500
31365,630
31366,270
31380,1000
31405,250
31412,0
31417,0
31421,0
31434,980
31459,1950
31462,0
31478,0
31479,1350
31488,500
31489,790
31490,0
31491,0
31492,890
31497,960
31501,1000
31517,640
31518,520
31522,1950
31531,1280
31534,2890
31535,1400
31539,690
31545,280
31546,40
31552,770
31553,720
31562,1700
31566,1300
31567,1000
31568,0
31571,1200
31572,1550
31581,3175
31586,600
31587,1020
31588,600
31590,200
31592,320
31611,875
31614,1550
31618,3250
31623,1320
31632,545
31634,250
31645,1240
31646,410
31647,40
31663,40
31664,750
31665,290
31681,1140
31682,1250
31688,1140
31699,1700
31707,1700
31722,500
31724,200
31729,980
31730,2220
31737,1390
31743,500
31744,4050
31747,1900
31754,520
31770,350
31775,0
31776,500
31778,2760
31779,240
31780,1250
31785,1280
31786,2430
31789,400
31795,300
31796,890
31805,2300
31806,20
31809,1150
31810,800
31817,250
31818,320
31821,1300
31825,0
31844,350
31855,1320
31861,1120
31863,0
31864,400
31866,1000
31867,1450
31878,370
31884,2350
31906,1500
31907,0
31921,1200
31928,1400
31930,360
31936,0
31947,0
31948,520
31950,520
31952,240
31954,600
31955,80
31961,120
31964,3000
31979,2450
31993,280
31994,650
31996,160
31997,500
31998,720
32000,120
32004,1110
32009,0
32010,1050
32019,1100
32020,1300
32028,0
32031,1300
32032,1360
32034,925
32040,2250
32042,40
32048,0
32049,240
32056,640
32060,1575
32062,1400
32069,500
32071,500
32072,570
32083,750
32094,300
32100,2300
32106,330
32108,0
32109,1300
32112,1250
32126,120
32142,1430
32149,1550
32157,1000
32162,980
32163,580
32164,0
32170,2000
32180,1840
32197,1000
32206,0
32212,680
32214,320
32221,980
32229,440
32233,1300
32235,900
32247,840
32269,990
32278,400
32286,2100
32296,40
32309,0
32310,1140
32317,0
32324,1250
32325,320
32330,0
32337,40
32342,500
32347,2700
32356,1700
32359,1240
32362,580
32363,600
32367,350
32371,450
32375,1550
32382,720
32383,500
32396,2120
32398,1880
32399,0
32403,1410
32414,800
32416,770
32421,1300
32423,720
32429,1000
32431,1100
32434,2350
32442,2420
32445,1300
32446,800
32451,0
32463,1740
32467,40
32470,360
32472,680
32499,1520
32500,1900
32505,20
32511,320
32512,2300
32518,740
32523,900
32526,1320
32537,1100
32548,600
32559,500
32562,0
32580,680
32582,1250
32586,1200
32587,1100
32588,2790
32601,1100
32603,550
32607,1800
32622,0
32631,0
32639,120
32646,200
32655,240
32657,160
32673,720
32677,690
32679,540
32689,2210
32695,1300
32697,80
32711,2140
32718,1450
32719,1100
32722,1450
32723,0
32724,0
32725,300
32726,800
32730,0
32731,0
32732,0
32734,450
32743,40
32744,1000
32756,1700
32764,500
32770,250
32772,1040
32777,0
32778,0
32785,0
32787,820
32803,410
32804,400
32806,400
32813,1280
32814,700
32817,0
32821,3040
32827,1530
32828,410
32836,2400
32842,1460
32844,550
32845,0
32854,360
32856,1270
32858,1700
32863,600
32864,2300
32876,1900
32879,0
32881,0
32886,630
32889,0
32891,740
32892,500
32898,0
32907,0
32912,0
32913,580
32925,1170
32941,0
32942,2690
32948,40
32971,1320
32990,1700
32996,1650
33000,240
33002,300
33005,750
33008,820
33010,1420
33011,1850
33012,3850
33013,160
33015,1000
33016,0
33018,160
33022,1050
33025,120
33027,1580
33032,960
33033,1100
33034,330
33039,1125
33044,2070
33046,2420
33047,800
33049,800
33053,0
33054,500
33055,1100
33057,500
33075,240
33079,700
33081,1200
33083,930
33084,0
33093,1250
33095,500
33096,500
33104,300
33108,300
33109,680
33114,2540
33116,1700
33122,0
33124,1230
33126,1450
33127,990
33128,1000
33129,775
33130,1000
33133,680
33137,440
33141,1700
33146,0
33149,1300
33151,250
33153,800
33160,520
33165,760
33171,1000
33174,760
33182,650
33183,960
33187,360
33188,990
33195,1390
33198,360
33200,2750
33209,1360
33211,1170
33212,1140
33213,960
33214,1390
33215,960
33216,1420
33226,1080
33227,1210
33229,780
33230,0
33231,540
33232,1390
33233,1450
33237,40
33242,960
33243,520
33245,1280
33250,80
33257,250
33258,480
33259,1420
33261,290
33262,1850
33264,0
33265,1200
33266,930
33267,400
33269,500
33270,990
33271,0
33273,2050
33274,500
33275,0
33276,1170
33277,1450
33278,1500
33284,1140
33285,960
33292,1120
33293,900
33297,580
33300,360
33302,930
33303,1170
33305,1140
33306,900
33308,840
33314,930
33315,930
33317,80
33319,960
33320,1150
33322,1170
33326,890
33327,1090
33329,500
33335,250
33336,2430
33337,1000
33338,0
33341,500
33345,0
33347,1440
33348,1200
33349,680
33350,1140
33351,1850
33352,1000
33354,0
33356,1000
33357,0
33366,0
33367,1550
33369,40
33373,500
33376,930
33377,1420
33382,620
33386,80
33387,1130
33393,0
33394,500
33395,350
33399,400
33400,240
33402,1250
33405,0
33410,80
33414,1750
33419,1200
33427,960
33431,0
33432,0
33435,900
33439,1800
33446,600
33449,800
33451,3150
33452,2850
33461,950
33466,800
33468,0
33475,240
33476,650
33478,250
33479,350
33483,0
33485,770
33486,2060
33487,500
33488,1000
33496,120
33498,600
33499,750
33506,40
33509,1250
33510,350
33513,480
33517,0
33518,550
33519,1500
33521,1325
33523,660
33524,0
33525,0
33526,740
33529,740
33531,980
33533,1650
33537,0
33544,1250
33554,0
33555,880
33557,480
33559,1450
33565,620
33566,1300
33567,580
33568,1350
33573,1160
33583,250
33586,0
33587,1300
33590,750
33603,700
33605,20
33607,410
33608,0
33610,350
33611,1230
33614,1300
33616,1020
33623,500
33624,40
33631,290
33632,280
33637,1700
33639,350
33644,0
33646,0
33649,1250
33652,650
33653,925
33655,950
33659,250
33661,1445
33662,80
33663,500
33664,1550
33665,2550
33666,320
33673,0
33677,450
33678,80
33679,0
33680,240
33681,1000
33682,200
33687,0
33688,250
33689,1160
33690,2200
33692,250
33693,480
33695,760
33699,0
33702,3000
33704,0
33705,650
33706,1940
33713,500
33714,1400
33715,500
33716,1100
33717,0
33724,1700
33727,280
33728,480
33729,0
33731,500
33735,790
33737,200
33738,500
33741,1400
33745,750
33747,650
33751,1100
33753,600
33756,810
33765,900
33767,2300
33768,0
33769,40
33773,0
33777,500
33778,1000
33779,0
33780,0
33786,0
33789,750
33796,1450
33797,0
33804,160
33805,280
33807,540
33811,200
33812,1700
33813,1570
33814,160
33818,0
33819,500
33821,0
33825,440
33826,1100
33827,400
33829,850
33833,330
33835,1200
33839,80
33843,0
33844,2140
33846,600
33847,960
33848,380
33850,440
33853,1030
33856,1300
33857,1300
33859,480
33860,160
33863,800
33870,400
33871,1350
33876,800
33879,250
33880,250
33884,500
33886,1050
33891,1280
33892,1500
33893,240
33899,950
33907,1050
33909,250
33911,250
33912,600
33913,2300
33915,1340
33935,0
33936,410
33940,840
33943,650
33945,1380
33947,900
33949,1330
33950,700
33952,1300
33956,500
33958,500
33959,740
33961,750
33964,500
33968,1000
33971,250
33973,0
33976,0
33977,480
33978,1340
33981,250
33983,4000
33985,720
33986,250
33991,400
33992,490
33994,240
33999,1200
34002,780
34008,1530
34009,360
34010,800
34011,500
34014,250
34016,2300
34017,680
34018,250
34019,0
34022,1870
34026,350
34038,280
34040,775
34042,775
34043,2300
34045,820
34048,1080
34050,1160
34051,0
34055,730
34056,1730
34058,0
34059,2300
34066,0
34071,1250
34075,900
34079,520
34086,40
34087,280
34089,0
34091,1650
34097,1820
34100,250
34101,1250
34102,0
34104,500
34105,1300
34117,1200
34120,500
34121,540
34124,2300
34138,0
34144,1450
34146,80
34147,40
34148,560
34154,1100
34155,1840
34156,700
34157,0
34159,0
34160,430
34163,850
34167,40
34168,1380
34169,1500
34171,160
34176,2300
34188,570
34197,1290
34198,1320
34201,160
34204,1500
34208,0
34210,0
34211,500
34215,540
34216,250
34218,0
34219,400
34221,320
34222,160
34224,40
34226,500
34227,480
34230,1100
34232,360
34233,700
34236,1600
34239,0
34240,1300
34241,0
34245,500
34246,1500
34247,840
34249,600
34250,0
34251,960
34252,2350
34255,700
34259,0
34260,1250
34263,1400
34264,840
34265,2210
34266,300
34267,0
34268,530
34270,0
34272,1480
34273,250
34276,370
34277,1250
34280,1960
34281,650
34282,650
34283,300
34285,2300
34293,500
34299,1400
34300,700
34303,0
34306,1300
34309,1100
34315,850
34317,0
34322,0
34325,0
34326,2100
34330,580
34333,900
34339,2300
34341,530
34342,400
34343,1800
34344,400
34345,400
34346,400
34353,660
34355,0
34357,0
34359,0
34360,0
34363,80
34364,240
34367,300
34368,0
34369,0
34372,840
34373,540
34374,1300
34376,840
34379,1700
34382,0
34383,1500
34384,960
34385,1610
34387,0
34389,640
34391,0
34393,320
34394,1280
34395,640
34396,320
34397,80
34398,1250
34399,250
34401,480
34402,80
34403,80
34404,1500
34406,0
34408,700
34409,0
34410,1050
34417,300
34418,0
34419,400
34420,160
34421,0
34422,1000
34423,80
34425,850
34426,1700
34428,80
34433,2300
34434,350
34437,0
34442,0
34444,1550
34447,650
34448,80
34449,600
34450,600
34457,160
34462,40
34463,240
34464,750
34467,160
34472,680
34473,1440
34474,80
34479,700
34480,1000
34481,240
34482,500
34484,850
34485,0
34486,240
34487,550
34488,500
34489,580
34490,80
34492,80
34494,410
34496,1100
34498,1300
34503,1450
34504,0
34505,330
34507,1000
34508,80
34511,1300
34512,250
34513,0
34515,0
34517,0
34518,0
34519,250
34520,250
34521,1390
34523,240
34526,700
34528,250
34529,500
34532,0
34533,0
34535,950
50001,0
50002,0
50003,0
50004,0
50005,0
50006,0
50007,0
50008,0
50009,0
55550,0
55551,0
55552,0
55554,0
97075,1390